{"input_data":[[0.0]],"input_shapes":[[1]],"output_data":[[4.0390625,-1.78125,-3.7734375,-6.7109375,-6.7890625,1.59375,-5.1171875,-2.078125,-3.296875,-2.265625,-2.125,-4.671875,-4.2421875,3.265625,2.5625,2.609375,1.59375,1.8046875,2.328125,1.6953125,2.484375,3.5703125,-0.046875,1.4765625,1.9375,2.5703125,2.0,2.78125,2.3203125,0.015625,2.2421875,2.6875,3.625,1.4609375,0.2578125,3.15625,-3.2421875,1.8671875,-3.7578125,0.6953125,-0.0625,-0.765625,-0.0234375,-0.2109375,0.03125,-0.953125,0.9140625,-0.03125,-2.359375,-1.359375,-0.078125,-0.2734375,0.5234375,-0.453125,-0.4609375,-2.5234375,-1.890625,0.546875,1.6796875,-1.4609375,-1.2890625,0.6328125,-4.75,-0.1015625,-3.7578125]]}